<?xml version="1.0" encoding="UTF-8"?>
<project-private xmlns="http://www.netbeans.org/ns/project-private/1">
    <editor-bookmarks xmlns="http://www.netbeans.org/ns/editor-bookmarks/2" lastBookmarkId="0"/>
    <open-files xmlns="http://www.netbeans.org/ns/projectui-open-files/2">
        <group>
            <file>file:/D:/Software%20Design%20Pattern/CoffeeShop/src/coffeeshop/CoffeeShop.java</file>
            <file>file:/D:/Software%20Design%20Pattern/CoffeeShop/src/bridge/Size.java</file>
            <file>file:/D:/Software%20Design%20Pattern/CoffeeShop/src/bridge/SmallSize.java</file>
            <file>file:/D:/Software%20Design%20Pattern/CoffeeShop/src/bridge/MediumSize.java</file>
            <file>file:/D:/Software%20Design%20Pattern/CoffeeShop/src/bridge/LargeSize.java</file>
            <file>file:/D:/Software%20Design%20Pattern/CoffeeShop/src/product/Drink.java</file>
            <file>file:/D:/Software%20Design%20Pattern/CoffeeShop/src/product/Coffee.java</file>
            <file>file:/D:/Software%20Design%20Pattern/CoffeeShop/src/product/Matcha.java</file>
            <file>file:/D:/Software%20Design%20Pattern/CoffeeShop/src/product/Juice.java</file>
            <file>file:/D:/Software%20Design%20Pattern/CoffeeShop/src/factory/DrinkFactory.java</file>
            <file>file:/D:/Software%20Design%20Pattern/CoffeeShop/src/factory/CoffeeFactory.java</file>
            <file>file:/D:/Software%20Design%20Pattern/CoffeeShop/src/factory/MatchaFactory.java</file>
            <file>file:/D:/Software%20Design%20Pattern/CoffeeShop/src/factory/JuiceFactory.java</file>
        </group>
    </open-files>
</project-private>
